Job Title,Company,Source Name,Source URL,Date Collected
Senior React Full-stack Developer,Lemon.io,Remotive Dev,https://remotive.com/remote-jobs/software-development/senior-react-full-stack-developer-2091101,2026-08-30T07:26:46.131346+00:00
Senior QA Engineer,Lemon.io,Remotive Dev,https://remotive.com/remote-jobs/software-development/senior-qa-engineer-2091100,2026-08-30T07:26:46.131346+00:00
Senior DevOps Engineer,Lemon.io,Remotive Dev,https://remotive.com/remote-jobs/devops/senior-devops-engineer-2091099,2026-08-30T07:26:46.131346+00:00
Content Reviewer - English US,TELUS Digital,Remotive Dev,https://remotive.com/remote-jobs/all-others/content-reviewer-english-us-2091105,2026-08-30T07:26:46.131346+00:00
Senior Golang Developer,Lemon.io,Remotive Dev,https://remotive.com/remote-jobs/software-development/senior-golang-developer-2091098,2026-08-30T07:26:46.131346+00:00
"Vice President, Technology & Digital Strategy",Shatterproof,Remotive Dev,https://remotive.com/remote-jobs/all-others/vice-president-technology-digital-strategy-2091104,2026-08-30T07:26:46.131346+00:00
Senior Data Engineer,Lemon.io,Remotive Dev,https://remotive.com/remote-jobs/software-development/senior-data-engineer-2091097,2026-08-30T07:26:46.131346+00:00
Senior Independent AI Engineer / Architect,A.Team,Remotive Dev,https://remotive.com/remote-jobs/software-development/senior-independent-ai-engineer-architect-1919266,2026-08-30T07:26:46.131346+00:00
Senior Independent Software Developer,A.Team,Remotive Dev,https://remotive.com/remote-jobs/software-development/senior-independent-software-developer-1919265,2026-08-30T07:26:46.131346+00:00
Head of Marketing & Communications,garden3d,Remotive Dev,https://remotive.com/remote-jobs/marketing/head-of-marketing-communications-2091068,2026-08-30T07:26:46.131346+00:00
Senior React Full-stack Developer,Lemon.io,Remotive Dev,https://remotive.com/remote-jobs/software-development/senior-react-full-stack-developer-2091101,2026-08-30T07:28:49.557816+00:00
Senior QA Engineer,Lemon.io,Remotive Dev,https://remotive.com/remote-jobs/software-development/senior-qa-engineer-2091100,2026-08-30T07:28:49.559337+00:00
Senior DevOps Engineer,Lemon.io,Remotive Dev,https://remotive.com/remote-jobs/devops/senior-devops-engineer-2091099,2026-08-30T07:28:49.559337+00:00
Content Reviewer - English US,TELUS Digital,Remotive Dev,https://remotive.com/remote-jobs/all-others/content-reviewer-english-us-2091105,2026-08-30T07:28:49.559337+00:00
Senior Golang Developer,Lemon.io,Remotive Dev,https://remotive.com/remote-jobs/software-development/senior-golang-developer-2091098,2026-08-30T07:28:49.559337+00:00
"Vice President, Technology & Digital Strategy",Shatterproof,Remotive Dev,https://remotive.com/remote-jobs/all-others/vice-president-technology-digital-strategy-2091104,2026-08-30T07:28:49.559337+00:00
Senior Data Engineer,Lemon.io,Remotive Dev,https://remotive.com/remote-jobs/software-development/senior-data-engineer-2091097,2026-08-30T07:28:49.559337+00:00
Senior Independent AI Engineer / Architect,A.Team,Remotive Dev,https://remotive.com/remote-jobs/software-development/senior-independent-ai-engineer-architect-1919266,2026-08-30T07:28:49.559337+00:00
Senior Independent Software Developer,A.Team,Remotive Dev,https://remotive.com/remote-jobs/software-development/senior-independent-software-developer-1919265,2026-08-30T07:28:49.559337+00:00
Head of Marketing & Communications,garden3d,Remotive Dev,https://remotive.com/remote-jobs/marketing/head-of-marketing-communications-2091068,2026-08-30T07:28:49.559337+00:00
Senior React Full-stack Developer,Lemon.io,Remotive Dev,https://remotive.com/remote-jobs/software-development/senior-react-full-stack-developer-2091101,2026-08-30T07:40:54.685581+00:00
Senior QA Engineer,Lemon.io,Remotive Dev,https://remotive.com/remote-jobs/software-development/senior-qa-engineer-2091100,2026-08-30T07:40:54.685581+00:00
Senior DevOps Engineer,Lemon.io,Remotive Dev,https://remotive.com/remote-jobs/devops/senior-devops-engineer-2091099,2026-08-30T07:40:54.685581+00:00
Content Reviewer - English US,TELUS Digital,Remotive Dev,https://remotive.com/remote-jobs/all-others/content-reviewer-english-us-2091105,2026-08-30T07:40:54.685581+00:00
Senior Golang Developer,Lemon.io,Remotive Dev,https://remotive.com/remote-jobs/software-development/senior-golang-developer-2091098,2026-08-30T07:40:54.685581+00:00
"Vice President, Technology & Digital Strategy",Shatterproof,Remotive Dev,https://remotive.com/remote-jobs/all-others/vice-president-technology-digital-strategy-2091104,2026-08-30T07:40:54.685581+00:00
Senior Data Engineer,Lemon.io,Remotive Dev,https://remotive.com/remote-jobs/software-development/senior-data-engineer-2091097,2026-08-30T07:40:54.685581+00:00
Senior Independent AI Engineer / Architect,A.Team,Remotive Dev,https://remotive.com/remote-jobs/software-development/senior-independent-ai-engineer-architect-1919266,2026-08-30T07:40:54.685581+00:00
Senior Independent Software Developer,A.Team,Remotive Dev,https://remotive.com/remote-jobs/software-development/senior-independent-software-developer-1919265,2026-08-30T07:40:54.685581+00:00
Head of Marketing & Communications,garden3d,Remotive Dev,https://remotive.com/remote-jobs/marketing/head-of-marketing-communications-2091068,2026-08-30T07:40:54.685581+00:00
Cribl: Customer Support Manager,Cribl,WeWorkRemotely Dev,https://weworkremotely.com/remote-jobs/cribl-customer-support-manager,2026-08-30T07:30:43+00:00
Senior React Full-stack Developer,Lemon.io,Remotive Dev,https://remotive.com/remote-jobs/software-development/senior-react-full-stack-developer-2091101,2026-08-30T07:42:46.796770+00:00
Senior QA Engineer,Lemon.io,Remotive Dev,https://remotive.com/remote-jobs/software-development/senior-qa-engineer-2091100,2026-08-30T07:42:46.796770+00:00
Senior DevOps Engineer,Lemon.io,Remotive Dev,https://remotive.com/remote-jobs/devops/senior-devops-engineer-2091099,2026-08-30T07:42:46.796770+00:00
Content Reviewer - English US,TELUS Digital,Remotive Dev,https://remotive.com/remote-jobs/all-others/content-reviewer-english-us-2091105,2026-08-30T07:42:46.796770+00:00
Senior Golang Developer,Lemon.io,Remotive Dev,https://remotive.com/remote-jobs/software-development/senior-golang-developer-2091098,2026-08-30T07:42:46.796770+00:00
"Vice President, Technology & Digital Strategy",Shatterproof,Remotive Dev,https://remotive.com/remote-jobs/all-others/vice-president-technology-digital-strategy-2091104,2026-08-30T07:42:46.796770+00:00
Senior Data Engineer,Lemon.io,Remotive Dev,https://remotive.com/remote-jobs/software-development/senior-data-engineer-2091097,2026-08-30T07:42:46.796770+00:00
Senior Independent AI Engineer / Architect,A.Team,Remotive Dev,https://remotive.com/remote-jobs/software-development/senior-independent-ai-engineer-architect-1919266,2026-08-30T07:42:46.796770+00:00
Senior Independent Software Developer,A.Team,Remotive Dev,https://remotive.com/remote-jobs/software-development/senior-independent-software-developer-1919265,2026-08-30T07:42:46.796770+00:00
Head of Marketing & Communications,garden3d,Remotive Dev,https://remotive.com/remote-jobs/marketing/head-of-marketing-communications-2091068,2026-08-30T07:42:46.796770+00:00
Cribl: Customer Support Manager,Cribl,WeWorkRemotely Dev,https://weworkremotely.com/remote-jobs/cribl-customer-support-manager,2026-08-30T07:30:43+00:00
